{"norm": 0, "train_cls_loss_CLS_ECG5000": 0.15981967747211456, "train_mask_loss_CLS_ECG5000": 0.16323260962963104, "train_sum_loss_CLS_ECG5000": 0.0025238459929823875, "loss_avg": 0.5627246245908998, "_timestamp": 1711510197.0582702, "_runtime": 415125.5111513138, "_step": 435489, "train_cls_loss_LTF_ECL_p720": 0.14805012941360474, "train_mask_loss_LTF_ECL_p720": 0.14844588935375214, "train_sum_loss_LTF_ECL_p720": 0.0023163752630352974, "train_cls_loss_CLS_MotionSenseHAR": 0.6794783473014832, "train_mask_loss_CLS_MotionSenseHAR": 0.6793935894966125, "train_sum_loss_CLS_MotionSenseHAR": 0.010616187006235123, "train_cls_loss_LTF_Weather_p336": 0.3527245819568634, "train_mask_loss_LTF_Weather_p336": 0.3573569655418396, "train_sum_loss_LTF_Weather_p336": 0.005547512322664261, "train_cls_loss_LTF_Traffic_p192": 0.25997406244277954, "train_mask_loss_LTF_Traffic_p192": 0.2595788240432739, "train_sum_loss_LTF_Traffic_p192": 0.004059006925672293, "train_cls_loss_CLS_Heartbeat": 0.5408671498298645, "train_mask_loss_CLS_Heartbeat": 0.5388287901878357, "train_sum_loss_CLS_Heartbeat": 0.008435124531388283, "train_cls_loss_CLS_ElectricDevices": 0.5828232765197754, "train_mask_loss_CLS_ElectricDevices": 0.5853922367095947, "train_sum_loss_CLS_ElectricDevices": 0.009126683697104454, "train_cls_loss_CLS_SharePriceIncrease": 1.0532007217407227, "train_mask_loss_CLS_SharePriceIncrease": 1.0536810159683228, "train_sum_loss_CLS_SharePriceIncrease": 0.016460012644529343, "train_cls_loss_NN5_p112": 0.42706578969955444, "train_mask_loss_NN5_p112": 0.4268472194671631, "train_sum_loss_NN5_p112": 0.006671195384114981, "train_cls_loss_LTF_Exchange_p192": 0.024910395964980125, "train_mask_loss_LTF_Exchange_p192": 0.025190992280840874, "train_sum_loss_LTF_Exchange_p192": 0.00039141709567047656, "train_cls_loss_CLS_MelbournePedestrian": 0.2068462371826172, "train_mask_loss_CLS_MelbournePedestrian": 0.21841931343078613, "train_sum_loss_CLS_MelbournePedestrian": 0.0033223871141672134, "train_cls_loss_CLS_Chinatown": 0.1139272078871727, "train_mask_loss_CLS_Chinatown": 0.12590034306049347, "train_sum_loss_CLS_Chinatown": 0.001873652683570981, "train_cls_loss_CLS_NonInvasiveFetalECGThorax1": 0.034178055822849274, "train_mask_loss_CLS_NonInvasiveFetalECGThorax1": 0.03503023087978363, "train_sum_loss_CLS_NonInvasiveFetalECGThorax1": 0.0005406897398643196, "train_cls_loss_CLS_FaceDetection": 0.6734092235565186, "train_mask_loss_CLS_FaceDetection": 0.6735028624534607, "train_sum_loss_CLS_FaceDetection": 0.01052275113761425, "train_cls_loss_LTF_ECL_p192": 0.138864666223526, "train_mask_loss_LTF_ECL_p192": 0.13892827928066254, "train_sum_loss_LTF_ECL_p192": 0.002170257270336151, "train_cls_loss_LTF_ETTh1_p336": 0.2101404070854187, "train_mask_loss_LTF_ETTh1_p336": 0.20886079967021942, "train_sum_loss_LTF_ETTh1_p336": 0.0032734470441937447, "train_cls_loss_LTF_Traffic_p720": 0.22377033531665802, "train_mask_loss_LTF_Traffic_p720": 0.22372284531593323, "train_sum_loss_LTF_Traffic_p720": 0.0017480202950537205, "train_cls_loss_LTF_Weather_p96": 0.1428103893995285, "train_mask_loss_LTF_Weather_p96": 0.14339911937713623, "train_sum_loss_LTF_Weather_p96": 0.002236011903733015, "train_cls_loss_CLS_PEMS-SF": 0.3002619743347168, "train_mask_loss_CLS_PEMS-SF": 0.3012531101703644, "train_sum_loss_CLS_PEMS-SF": 0.004699336364865303, "train_cls_loss_LTF_ILI_p60": 0.5101830363273621, "train_mask_loss_LTF_ILI_p60": 0.5125699639320374, "train_sum_loss_LTF_ILI_p60": 0.007990257814526558, "train_cls_loss_LTF_ETTh1_p96": 0.23644421994686127, "train_mask_loss_LTF_ETTh1_p96": 0.23561270534992218, "train_sum_loss_LTF_ETTh1_p96": 0.0036879447288811207, "train_cls_loss_LTF_ECL_p336": 0.14854687452316284, "train_mask_loss_LTF_ECL_p336": 0.14854787290096283, "train_sum_loss_LTF_ECL_p336": 0.0023210528306663036, "train_cls_loss_CLS_Trace": 0.20336376130580902, "train_mask_loss_CLS_Trace": 0.19956478476524353, "train_sum_loss_CLS_Trace": 0.0031478791497647762, "train_cls_loss_LTF_ETTh1_p192": 0.22492615878582, "train_mask_loss_LTF_ETTh1_p192": 0.22647778689861298, "train_sum_loss_LTF_ETTh1_p192": 0.0035265933256596327, "train_cls_loss_LTF_ECL_p96": 0.18069976568222046, "train_mask_loss_LTF_ECL_p96": 0.18029290437698364, "train_sum_loss_LTF_ECL_p96": 0.002820255234837532, "train_cls_loss_CLS_SpokenArabicDigits": 0.6595411896705627, "train_mask_loss_CLS_SpokenArabicDigits": 0.6610262393951416, "train_sum_loss_CLS_SpokenArabicDigits": 0.010316932573914528, "train_cls_loss_LTF_Weather_p192": 0.16581164300441742, "train_mask_loss_LTF_Weather_p192": 0.16579166054725647, "train_sum_loss_LTF_Weather_p192": 0.0025906506925821304, "train_cls_loss_CLS_JapaneseVowels": 0.5296717286109924, "train_mask_loss_CLS_JapaneseVowels": 0.5307679772377014, "train_sum_loss_CLS_JapaneseVowels": 0.00828468520194292, "train_cls_loss_CLS_FordB": 0.5411290526390076, "train_mask_loss_CLS_FordB": 0.5388209819793701, "train_sum_loss_CLS_FordB": 0.008437110111117363, "train_cls_loss_LTF_ETTh1_p720": 0.21351568400859833, "train_mask_loss_LTF_ETTh1_p720": 0.2141699343919754, "train_sum_loss_LTF_ETTh1_p720": 0.0033412938937544823, "train_cls_loss_LTF_Weather_p720": 0.45492929220199585, "train_mask_loss_LTF_Weather_p720": 0.4657020568847656, "train_sum_loss_LTF_Weather_p720": 0.007192432414740324, "train_cls_loss_LTF_Traffic_p96": 0.27495160698890686, "train_mask_loss_LTF_Traffic_p96": 0.2750696837902069, "train_sum_loss_LTF_Traffic_p96": 0.004297041334211826, "train_cls_loss_CLS_EMOPain": 0.15184162557125092, "train_mask_loss_CLS_EMOPain": 0.1701602190732956, "train_sum_loss_CLS_EMOPain": 0.0025156394112855196, "train_cls_loss_CLS_Blink": 0.18120771646499634, "train_mask_loss_CLS_Blink": 0.18073371052742004, "train_sum_loss_CLS_Blink": 0.002827667398378253, "train_cls_loss_LTF_Traffic_p336": 0.2211943417787552, "train_mask_loss_LTF_Traffic_p336": 0.2213035374879837, "train_sum_loss_LTF_Traffic_p336": 0.0034570146817713976, "train_cls_loss_LTF_Exchange_p336": 0.05292368307709694, "train_mask_loss_LTF_Exchange_p336": 0.05240209773182869, "train_sum_loss_LTF_Exchange_p336": 0.0008228576625697315, "train_cls_loss_CLS_UWaveGestureLibrary": 0.12541040778160095, "train_mask_loss_CLS_UWaveGestureLibrary": 0.12847572565078735, "train_sum_loss_CLS_UWaveGestureLibrary": 0.0019834854174405336, "train_cls_loss_CLS_SelfRegulationSCP2": 0.1223406121134758, "train_mask_loss_CLS_SelfRegulationSCP2": 0.12284497171640396, "train_sum_loss_CLS_SelfRegulationSCP2": 0.0019155123736709356, "train_loss_avg": 0.5627246245908998, "_wandb": {"runtime": 415125}}